fiscalDateEnding,reportedDate,reportedEPS,estimatedEPS,surprise,surprisePercentage,prev_quarter_EPS,estimatedEPS_change,estimatedEPS_pct_change,as_of,garch_vol,e_garch_vol,call_delta,put_delta,call_gamma,put_gamma,call_vega,put_vega,call_theta,put_theta,call_rho,put_rho,atm_iv,iv_garch_spread,surprise_norm,garch_vol_lag1,atm_iv_lag1,iv_garch_spread_lag1,atm_iv estimatedEPS,garch_vol_roll5_mean,garch_vol_roll5_std,garch_vol_roll10_mean,garch_vol_roll10_std,atm_iv_roll5_mean,atm_iv_roll5_std,atm_iv_roll10_mean,atm_iv_roll10_std,iv_garch_spread_roll5_mean,iv_garch_spread_roll5_std,iv_garch_spread_roll10_mean,iv_garch_spread_roll10_std,strike,call_ask,put_ask,straddle_cost,underlying,underlying_t1,abs_move,return,breakeven_pct,realized_vol
2007-12-31,2008-01-23,0.03,0.02,0.01,50.0,,,,2008-01-22,0.3863424583507313,0.3731684730774737,1.0,-0.00706,0.0,0.00522,0.0,0.00115,-0.00151,-0.00146,0.01025,-0.00011,0.01976,-0.3665824583507313,0.5,,,,0.0003952,,,,,,,,,,,,,15.0,7.6,0.25,785.0,3.1500000953674316,3.8271429538726807,1117.285704612732,0.4232938912264101,2.4920634166153373,3.0910218906984475
2008-03-31,2008-04-21,0.03,0.03,0.0,0.0,0.03,0.0,0.0,2008-04-20,0.549214953025263,0.5798522862910052,,,,,,,,,,,,,0.0,0.3863424583507313,0.01976,-0.3665824583507313,,,,,,,,,,,,,,7.5,19.4,0.1,1950.0,5.508571147918701,4.369999885559082,313.0000114440918,-0.8394871736184145,3.5399379396901622,3.6756198535098363
2008-06-30,2008-07-25,0.06,0.06,0.0,0.0,0.03,0.03,1.0,2008-07-24,0.46907999590684435,0.4717865686616639,1.0,-0.00224,0.0,0.00054,0.0,0.00047,-0.00042,-0.002,0.00472,-4e-05,0.01976,-0.44931999590684435,0.0,0.549214953025263,,,0.0011856,0.46821246909427955,0.08143971287065192,,,,,,,,,,,7.5,19.4,0.1,1950.0,4.055714130401611,4.369999885559082,313.0000114440918,-0.8394871736184145,4.8080311809523515,1.1848129406019787
2008-09-30,2008-10-20,0.05,0.04,0.01,25.0,0.06,-0.019999999999999997,-0.3333333333333333,2008-10-19,0.5938895548000828,0.5864420071603086,,,,,,,,,,,,,0.25,0.46907999590684435,0.01976,-0.44931999590684435,,0.49963174052073034,0.09148934558831849,,,,,,,,,,,17.5,13.2,0.1,1330.0,3.434286117553711,5.082857131958008,1241.7142868041992,-0.0663802354855645,3.8727116916728455,6.223830243315476
2008-12-31,2009-01-26,0.05,0.05,0.0,0.0,0.05,0.0,0.0,2009-01-25,0.5415426052022059,0.5667726204897399,,,,,,,,,,,,,0.0,0.5938895548000828,,,,0.5080139134570254,0.08141885151980387,0.5080139134570254,0.08141885151980387,,,,,,,,,17.5,13.2,0.1,1330.0,4.3428568840026855,5.082857131958008,1241.7142868041992,-0.0663802354855645,3.0625001825392353,2.497713026303803
2009-03-31,2009-04-23,0.05,0.04,0.01,25.0,0.05,-0.010000000000000002,-0.20000000000000004,2009-04-22,0.7083033361815251,0.757851817468221,1.0,-0.00295,0.0,0.00085,0.0,0.00106,-0.0001,-0.00198,0.01644,-0.0001,0.01976,-0.6885433361815251,0.25,0.5415426052022059,,,0.0007904,0.5724060890231842,0.08817066693086029,0.5413954839111087,0.10949520072646403,,,,,,,,,25.0,21.3,0.15,2145.0,6.539999961853027,5.538570880889893,1946.1429119110107,-0.09270726717435397,3.279816532892213,2.6383536193832993
2009-06-30,2009-07-23,0.08,0.07,0.01,14.2857,0.05,0.020000000000000004,0.4000000000000001,2009-07-22,0.44876684591476645,0.37678483619019526,1.0,-0.00373,0.0,0.00127,0.0,0.00147,-0.00011,-0.00157,0.02335,-0.00015,0.01976,-0.42900684591476645,0.14285714285714285,0.7083033361815251,0.01976,-0.6885433361815251,0.0013832,0.5523164676010849,0.10467465695102943,0.5281628213402028,0.10590903012860649,0.01976,0.0,,,-0.5222900593343786,0.14433734812050758,,,27.5,18.3,0.05,1835.0000000000002,6.54714298248291,6.3314290046691895,2116.857099533081,0.153600599200589,2.802749237201022,0.5318405700807609
2009-09-30,2009-10-22,0.07,0.06,0.01,16.6667,0.08,-0.020000000000000004,-0.25000000000000006,2009-10-21,0.429825238709996,0.4116553555824566,1.0,-0.00521,0.0,0.0025,0.0,0.00209,-0.00011,-0.00145,0.02972,-0.00022,0.01976,-0.410065238709996,0.16666666666666669,0.44876684591476645,0.01976,-0.42900684591476645,0.0011856,0.5444655161617152,0.11357237667440208,0.5158706235114269,0.10403421903705605,0.01976,0.0,0.01976,0.0,-0.5092051402687625,0.15559992771787604,-0.4687035750127726,0.12663752503052775,35.0,13.6,0.15,1375.0,6.867143154144287,8.625714302062988,2637.428569793701,0.9181298689408736,2.002288242921213,3.619381459901924
2009-12-31,2010-01-27,0.08,0.06,0.02,33.3333,0.07,-0.010000000000000009,-0.14285714285714296,2010-01-26,0.323521252252021,3.1130849595297255e-10,1.0,-0.00691,0.0,0.00419,0.0,0.00252,-0.00013,-0.00177,0.0274,-0.00024,0.01976,-0.303761252252021,0.33333333333333337,0.429825238709996,0.01976,-0.410065238709996,0.0011856,0.4903918556521029,0.14435075972142883,0.4944984711492706,0.11653818669706446,0.01976,0.0,0.01976,0.0,-0.4578441682645771,0.16337897493679437,-0.4412131878859807,0.13177244971150592,40.0,10.7,0.4,1110.0,7.142857074737549,9.324286460876465,3067.5713539123535,1.7635777963174355,1.5540000148200992,4.230708691269482
2010-03-31,2010-04-21,0.08,0.08,0.0,0.0,0.08,0.0,0.0,2010-04-20,0.43023265661843074,0.3786946764539993,1.0,-0.00135,0.0,0.00019,0.0,0.00114,-0.00022,-0.00164,0.03506,-0.00011,0.01976,-0.41047265661843074,0.0,0.323521252252021,0.01976,-0.303761252252021,0.0015808,0.46812986593534783,0.14306756834334064,0.48807188969618664,0.11173693167172213,0.01976,0.0,0.01976,0.0,-0.4483698659353478,0.1430675683433407,-0.43682168341918787,0.12085106232955711,40.0,47.5,0.05,4755.0,12.635713577270508,14.517143249511719,2548.285675048828,-0.46408292848605087,3.76314322964192,2.203429770254868
2010-06-30,2010-07-21,0.11,0.1,0.01,10.0,0.08,0.020000000000000004,0.25000000000000006,2010-07-20,0.4837774742543347,0.48035491120325136,1.0,-0.00295,0.0,0.00028,0.0,0.00321,-0.0003,-0.00451,0.05259,-0.00034,0.01976,-0.4640174742543347,0.09999999999999999,0.43023265661843074,0.01976,-0.41047265661843074,0.001976,0.42322469354990977,0.059900951052318914,0.497815391286547,0.10598033552629986,0.01976,0.0,0.01976,0.0,-0.4034646935499098,0.05990095105231916,-0.45074097140541686,0.11696132683621091,60.0,61.2,0.05,6125.0,17.435714721679688,18.128570556640625,4187.1429443359375,-0.3163848254145408,3.512904459479446,0.6186058356740359
2010-09-30,2010-10-20,0.1,0.1,0.0,0.0,0.11,-0.009999999999999995,-0.09090909090909087,2010-10-19,0.5968955005688663,6.176497995248445,1.0,-0.03751,0.0,0.0043,0.0,0.01107,-0.00062,-0.25921,0.00986,-0.00048,0.01976,-0.5771355005688663,0.0,0.4837774742543347,0.01976,-0.4640174742543347,0.001976,0.45285042448072976,0.09933934737196114,0.5025834460409074,0.10956180057719953,0.01976,0.0,0.01976,0.0,-0.43309042448072976,0.0993393473719612,-0.4665402875508481,0.1171435881599193,120.0,30.05,0.31,3036.0,21.428571701049805,24.014286041259766,9598.571395874023,2.1615847812496782,1.4167999819844568,1.808483421387961
2010-12-31,2011-01-26,0.12,0.1,0.02,20.0,0.1,0.0,0.0,2011-01-25,0.5369660006152831,0.6074470259241594,1.0,-0.01552,0.0,0.00151,0.0,0.0066,-0.00065,-0.16745,0.01151,-0.00025,0.01976,-0.5172060006152831,0.19999999999999998,0.5968955005688663,0.01976,-0.5771355005688663,0.001976,0.4742785768617872,0.10454982800259721,0.5093720465117512,0.10935818885972282,0.01976,0.0,0.01976,0.0,-0.45451857686178715,0.10454982800259724,-0.4750260381394029,0.11817224357477966,140.0,47.5,0.2,4770.0,26.77142906188965,31.139999389648438,10886.000061035156,1.2821803062966786,1.7817502341667344,2.3995573954263105
2011-03-31,2011-04-25,0.16,0.15,0.01,6.6667,0.12,0.03,0.25,2011-04-24,0.5323431806386351,0.5303887621631552,,,,,,,,,,,,,0.06666666666666667,0.5369660006152831,0.01976,-0.5172060006152831,,0.51604296253911,0.06254013486301778,0.5032174090956063,0.10574528590211177,0.01976,0.0,0.01976,0.0,-0.4922079080142287,0.07144450640677381,-0.4750260381394029,0.11817224357477966,260.0,16.75,0.06,1680.9999999999998,36.387142181396484,39.51142883300781,22048.85711669922,12.11651226454445,0.4619763738575321,1.3076545234101504
2011-06-30,2011-07-25,0.18,0.16,0.02,12.5,0.16,0.0,0.0,2011-07-24,0.49248180896197785,5.781950587770336,,,,,,,,,,,,,0.125,0.5323431806386351,,,,0.5284927930078194,0.04489376860134501,0.49831132947158363,0.10490436157415084,0.01976,0.0,0.01976,0.0,-0.519452991812828,0.05659247915054717,-0.4750260381394029,0.11817224357477966,55.0,62.45,0.02,6247.000000000001,40.08142852783203,16.977142333984375,3802.2857666015625,-0.3913421215620999,1.5585771838601419,13.636920218829525
2011-09-30,2011-10-24,0.17,0.13,0.04,30.7692,0.18,-0.04999999999999999,-0.27777777777777773,2011-10-23,0.6118752522427133,3.534866186469066e-28,,,,,,,,,,,,,0.3076923076923077,0.49248180896197785,,,,0.5541123486054951,0.0493284108517736,0.4886685210777024,0.0862261946738599,,,0.01976,0.0,,,-0.44452356699052825,0.0872260590591629,55.0,25.03,0.05,2508.0,17.014286041259766,17.68428611755371,3731.571388244629,0.48786737968286636,1.4740553872892945,0.6131228439713885
2011-12-31,2012-01-25,0.1,0.08,0.02,25.0,0.17,-0.09000000000000001,-0.5294117647058824,2012-01-24,0.9370537275893281,3.2568682824995e-21,1.0,-0.00186,0.0,0.00034,0.0,0.0005,-0.00014,-0.01701,0.00452,-1e-05,0.01976,-0.9172937275893281,0.25,0.6118752522427133,,,0.0015808,0.6221439940095875,0.18124937671122038,0.5374972092451585,0.16415756377047822,,,0.01976,0.0,,,-0.5142788358011801,0.1978469887335933,55.0,25.03,0.05,2508.0,13.242856979370117,17.68428611755371,3731.571388244629,0.48786737968286636,1.8938511560662423,4.59119570395012
2012-03-31,2012-04-23,-0.01,-0.04,0.03,75.0,0.1,-0.14,-1.4000000000000001,2012-04-22,0.5779518515335951,0.00016638748285700857,,,,,,,,,,,,,0.75,0.9370537275893281,0.01976,-0.9172937275893281,,0.6303411641932499,0.17731824013314462,0.5523098705275185,0.159992543988993,,,0.01976,0.0,,,-0.5316477686497106,0.21080324139691936,60.0,20.85,0.37,2122.0000000000005,14.984286308288574,8.417142868041992,5158.285713195801,1.4308603737963241,1.4161501965069994,9.155330777004256
2012-06-30,2012-07-24,0.02,0.01,0.01,100.0,-0.01,0.02,-2.0,2012-07-23,0.6321151636491937,4.799917691538196e-07,0.93407,-0.05254,0.00785,0.00714,0.01073,0.00898,-0.26191,-0.20145,0.00594,-0.0005,1.95142,1.3193048363508062,1.0,0.5779518515335951,,,0.0195142,0.6502955607953617,0.16894946412329154,0.5831692616672358,0.1393955841526447,,,0.3417033333333333,0.7885968927574256,,,-0.2611367538825728,0.7946352697756983,60.0,20.85,0.37,2122.0000000000005,11.581428527832031,8.417142868041992,5158.285713195801,1.4308603737963241,1.8322437468750024,5.066069513969997
2012-09-30,2012-10-23,0.02,0.01,0.01,100.0,0.02,-0.01,-0.5,2012-10-22,0.7892374351259697,0.7135671366572607,0.96623,-0.04569,0.00629,0.00736,0.00533,0.00682,-0.11205,-0.15633,0.00521,-0.00037,1.67825,0.8890125648740304,1.0,0.6321151636491937,1.95142,1.3193048363508062,0.016782500000000002,0.7096466860281601,0.15080000791857298,0.6190697395179897,0.1418395822285606,1.2164766666666667,1.0453485291678242,0.6181183333333333,0.9309890724689881,0.4303412245451696,1.1867509565549434,-0.044555883633829264,0.9139282973298957,50.0,18.5,0.29,1879.0,9.614286422729492,9.9399995803833,4006.00004196167,1.1319851207885416,1.9543832140862645,0.5288880762732688
2012-12-31,2013-01-23,0.02,-0.02,0.04,200.0,0.02,-0.04,-2.0,2013-01-22,0.636169924487389,1.285918132773884,1.0,-0.00806,0.0,0.00157,0.0,0.00196,-0.00027,-0.05155,0.00575,-7e-05,0.01976,-0.616409924487389,2.0,0.7892374351259697,1.67825,0.8890125648740304,-0.0003952,0.7145056204770951,0.14721082208445885,0.6343089845412951,0.1336381005127765,0.9172975,1.0423699247508056,0.6181183333333333,0.9309890724689881,0.16865343728702992,1.1012904009643842,-0.06995462533933831,0.9298949515783954,70.0,28.5,0.05,2855.0,13.875714302062988,24.222856521606445,4577.7143478393555,0.6034025736740299,2.0575517323641703,8.844585753927385
2013-03-31,2013-04-22,0.01,0.03,-0.02,-66.6667,0.02,0.009999999999999998,0.4999999999999999,2013-04-21,0.5955658641010202,0.555774430178523,,,,,,,,,,,,,-0.6666666666666667,0.636169924487389,0.01976,-0.616409924487389,,0.6462080477794336,0.08363659193309016,0.6341760208945104,0.13368011610771413,1.2164766666666667,1.0453485291678242,0.7377900000000001,0.9879352244960193,0.5306358255791492,1.0164021469292759,0.03148154970656728,1.0018538037828453,110.0,155.25,0.01,15526.0,23.674285888671875,37.422855377197266,7257.714462280273,-0.532544476215363,6.558170359609105,7.2688125148009695
2013-06-30,2013-07-22,0.07,0.06,0.01,16.6667,0.01,0.049999999999999996,4.999999999999999,2013-07-21,0.5634837945989315,0.5362469513819075,,,,,,,,,,,,,0.16666666666666669,0.5955658641010202,,,,0.6433144363925007,0.08677967337567798,0.6368278002928753,0.13178713664226743,1.2164766666666667,1.0453485291678242,,,0.5306358255791492,1.0164021469292759,,,125.0,209.75,0.05,20980.0,38.121429443359375,50.71285629272461,7428.714370727539,-0.6459144723199457,5.50346624099497,4.530630226321004
2013-09-30,2013-10-21,0.07,0.07,0.0,0.0,0.07,0.0,0.0,2013-10-20,0.550241620486756,0.5657906061264425,,,,,,,,,,,,,0.0,0.5634837945989315,,,,0.6269397277600133,0.09659104096836409,0.6386176442776874,0.13032384442590855,,,,,,,,,230.0,99.15,0.13,9928.0,48.98857116699219,55.1542854309082,17484.57145690918,0.761137334499313,2.026595135048427,1.8818819238330486
2013-12-31,2014-01-22,0.11,0.09,0.02,22.2222,0.07,0.01999999999999999,0.28571428571428553,2014-01-21,0.3957340187955279,0.3511268746833553,1.0,-0.00662,0.0,0.00038,0.0,0.00553,-0.00044,-0.15103,0.0189,-0.00019,0.01976,-0.3759740187955279,0.22222222222222224,0.550241620486756,,,0.0017783999999999999,0.5482390444939249,0.09146838673851679,0.6289428652610425,0.14512810414223107,,,0.7377900000000001,0.9879352244960193,,,0.05972794607051831,0.984354724490116,230.0,99.15,0.13,9928.0,47.07143020629883,55.1542854309082,17484.57145690918,0.761137334499313,2.109134979856952,2.5156048154932744
2014-03-31,2014-04-21,0.12,0.12,0.0,0.0,0.11,0.009999999999999995,0.09090909090909087,2014-04-20,0.6922697125623406,0.7840285648073004,,,,,,,,,,,,,0.0,0.3957340187955279,0.01976,-0.3759740187955279,,0.5594590021089153,0.10706238780914822,0.6369823112930052,0.1462996008034481,,,0.7377900000000001,0.9879352244960193,,,0.05972794607051831,0.984354724490116,95.0,350.05,0.07,35012.0,49.900001525878906,64.56428527832031,3043.5714721679688,-0.9130706194399644,7.0164326511778246,4.08991400248645
2014-06-30,2014-07-21,0.16,0.16,0.0,0.0,0.12,0.04000000000000001,0.3333333333333334,2014-07-20,0.40077955444152735,0.4194548827036883,,,,,,,,,,,,,0.0,0.6922697125623406,,,,0.5205017401770167,0.1246360099214341,0.5833548939782252,0.12001020667003288,,,,,,,,,185.0,266.15,0.26,26640.999999999996,64.52714538574219,51.317142486572266,13368.285751342773,-0.49820630789599585,4.128650018645726,3.6362328064333407
2014-09-30,2014-10-15,0.14,0.13,0.01,7.6923,0.16,-0.03,-0.1875,2014-10-14,0.37936893956500606,0.44692476432804057,1.0,-0.00031,0.0,1e-05,0.0,0.00053,-0.00046,-0.01718,0.02027,-2e-05,0.01976,-0.35960893956500606,0.07692307692307693,0.40077955444152735,,,0.0025688,0.4836787691702316,0.13548790934431343,0.5634966027813662,0.13632461536204152,,,0.7377900000000001,0.9879352244960193,,,0.17126490367538277,0.8710462821800451,185.0,266.15,0.26,26640.999999999996,63.49571228027344,51.317142486572266,13368.285751342773,-0.49820630789599585,4.195716378832827,3.3804371223991696
2014-12-31,2015-01-20,0.19,0.06,0.13,216.6667,0.14,-0.08000000000000002,-0.5714285714285715,2015-01-19,0.4219211531985788,4.259900054779826,,,,,,,,,,,,,2.166666666666667,0.37936893956500606,0.01976,-0.35960893956500606,,0.45801467571259613,0.13183138454487675,0.5424772017363046,0.14070321626606774,,,,,,,,,240.0,240.75,0.02,24077.0,48.57143020629883,81.6500015258789,15834.99984741211,-0.34231840148639325,4.957029244915595,8.24531996494579
2015-03-31,2015-04-15,0.05,0.09,-0.04,-44.4444,0.19,-0.1,-0.5263157894736842,2015-04-14,0.42687467721351985,0.34618988474441065,1.0,-0.00036,0.0,1e-05,0.0,0.00056,-0.00085,-0.02178,0.01973,-1e-05,0.01976,-0.40711467721351985,-0.4444444444444445,0.4219211531985788,,,0.0017783999999999999,0.46424280739619456,0.12885546841639706,0.5062409259450598,0.11427024968607925,,,,,,,,,240.0,240.75,0.02,24077.0,68.70428466796875,81.6500015258789,15834.99984741211,-0.34231840148639325,3.504439368862996,2.7404206270234632
2015-06-30,2015-07-15,0.06,0.04,0.02,50.0,0.05,-0.010000000000000002,-0.20000000000000004,2015-07-14,0.42025407003019055,0.5302622646534906,0.99984,-9e-05,0.0,0.0,0.0004,0.00024,-0.04344,-0.02446,0.00821,-1e-05,6.51716,6.096905929969809,0.5,0.42687467721351985,0.01976,-0.40711467721351985,0.2606864,0.4098396788897645,0.019717787288418307,0.48464934049933983,0.10717039328781465,2.18556,3.7512756390326745,,,1.7767274377304278,3.7414597221382975,,,100.0,604.85,0.5,60535.0,99.97000122070312,114.7699966430664,1476.9996643066406,-0.9756008975913663,6.055316521038874,2.191633655211776
2015-09-30,2015-10-14,0.07,0.07,0.0,0.0,0.06,0.010000000000000009,0.16666666666666682,2015-10-13,0.46188800968404015,0.49417784949062143,0.53297,-0.46743,0.01896,0.01914,0.03955,0.03955,-1.38943,-1.37629,0.00413,-0.00491,2.10751,1.64562199031596,0.0,0.42025407003019055,6.51716,6.096905929969809,0.1475257,0.4220613699382671,0.02930554028350626,0.4712815550576419,0.0998877508192919,2.1660475,3.0631523355238146,1.7367899999999998,2.821078992070232,1.7439510758768109,3.0555923148397204,1.319966056942343,2.8109250750037744,110.0,8.3,8.55,1685.0000000000002,111.5,98.98999786376953,1101.0002136230469,-0.34658741031273194,0.15112107623318388,1.8891581518427703
2015-12-31,2016-01-19,0.1,0.02,0.08,400.0,0.07,-0.05,-0.7142857142857143,2016-01-18,0.5125568584193179,0.5868178806960596,,,,,,,,,,,,,4.0,0.46188800968404015,2.10751,1.64562199031596,,0.44869895370912943,0.03954188995145721,0.4661888614396806,0.0958825133413789,2.8814766666666665,3.317125260045712,1.7367899999999998,2.821078992070232,2.4451377476907497,3.324904524852449,1.319966056942343,2.8109250750037744,112.0,0.02,0.59,61.0,106.56999969482422,111.51000213623047,48.999786376953125,-0.19672481349257173,0.0057239373345857845,0.71930964946883
2016-03-31,2016-04-18,0.06,0.04,0.02,50.0,0.1,-0.060000000000000005,-0.6,2016-04-17,0.43238477005754733,0.3961550076914891,,,,,,,,,,,,,0.5,0.5125568584193179,,,,0.45079167708092316,0.0380179193809086,0.4544031763967597,0.0915483684261276,2.8814766666666665,3.317125260045712,1.7367899999999998,2.821078992070232,2.4451377476907497,3.324904524852449,1.319966056942343,2.8109250750037744,98.0,0.43,0.01,44.0,109.9000015258789,98.38999938964844,38.99993896484375,-0.11363775079900568,0.004003639616841954,1.7562239287527843
2016-06-30,2016-07-18,0.09,0.02,0.07,350.0,0.06,-0.039999999999999994,-0.6666666666666666,2016-07-17,0.450490904819716,0.399796252458669,,,,,,,,,,,,,3.5000000000000004,0.43238477005754733,,,,0.45551492260216236,0.03570003892238524,0.45987886499917846,0.08925826324145117,,,,,,,,,101.0,0.51,0.01,52.0,98.43000030517578,101.47000122070312,47.0001220703125,-0.09615149864783654,0.005282942176041593,0.48286382057207294
2016-09-30,2016-10-17,0.12,0.05,0.07,140.0,0.09,-0.039999999999999994,-0.4444444444444444,2016-10-16,0.45084463524331314,0.4319769183118706,,,,,,,,,,,,,1.4000000000000001,0.450490904819716,,,,0.4616330356447869,0.030369797662066884,0.43573635726727566,0.03643996964907396,,,,,,,,,133.0,6.48,6.6,1308.0,100.5,138.60000610351562,560.0006103515625,-0.5718649767954415,0.13014925373134328,5.102612963611533
2016-12-31,2017-01-18,0.15,0.13,0.02,15.3846,0.12,0.010000000000000009,0.08333333333333341,2017-01-17,0.34698145871316255,1.49796570287589e-67,0.52181,-0.47858,0.02455,0.02492,0.04799,0.04799,-1.0782,-1.06024,0.00517,-0.00576,1.34655,0.9995685412868374,0.15384615384615385,0.45084463524331314,,,0.1750515,0.4386517254506114,0.05956826846166167,0.4303565476944392,0.04511328079325758,,,2.002148,2.677964134089551,,,1.595074568958816,2.6670778705244413,133.0,6.48,6.6,1308.0,133.2100067138672,138.60000610351562,560.0006103515625,-0.5718649767954415,0.09819082156564722,0.6296663236030878
2017-03-31,2017-04-17,0.4,0.37,0.03,8.1081,0.15,0.22,1.4666666666666668,2017-04-16,0.27660380206132934,0.38592926165606006,,,,,,,,,,,,,0.08108108108108109,0.34698145871316255,1.34655,0.9995685412868374,,0.39146111417901364,0.0772274340257455,0.42008003394407156,0.06523545065012662,,,,,,,,,160.0,1.32,0.01,133.0,144.42999267578125,161.1199951171875,111.99951171875,-0.15789840812969924,0.009208613635989064,1.7359486841548004
2017-06-30,2017-07-17,0.15,0.16,-0.01,-6.25,0.4,-0.24000000000000002,-0.6,2017-07-16,0.25447658914090154,0.8588261193185115,,,,,,,,,,,,,-0.0625,0.27660380206132934,,,,0.35587947799568453,0.0930269538720391,0.4033355775383038,0.08361174771329598,,,,,,,,,200.0,0.01,0.72,73.0,162.91000366210938,199.49000549316406,50.99945068359375,-0.301377387895976,0.004481001679394032,3.215638953463112
2017-09-30,2017-10-16,0.29,0.32,-0.03,-9.375,0.15,0.17,1.1333333333333335,2017-10-15,0.3420712763478957,0.9373364539508359,,,,,,,,,,,,,-0.09375,0.25447658914090154,,,,0.3341955523013204,0.07665578544101441,0.39485523745174145,0.08524369178878896,,,,,,,,,220.0,0.5,0.02,52.0,201.9499969482422,220.4600067138672,46.00067138671875,-0.1153717041015625,0.002574894814845038,1.392133637210297
2017-12-31,2018-01-22,0.41,0.41,0.0,0.0,0.29,0.12,0.41379310344827586,2018-01-21,0.2775747769000592,0.5464071190326604,,,,,,,,,,,,,0.0,0.3420712763478957,,,,0.29954158063266967,0.04212734462344264,0.38058730813872826,0.09217872167702482,,,,,,,,,310.0,2.05,0.05,209.99999999999997,222.0,311.6499938964844,164.9993896484375,-0.21428862072172608,0.009459459459459458,5.384686435168404
2018-03-31,2018-04-16,0.64,0.63,0.01,1.5873,0.41,0.22000000000000003,0.5365853658536587,2018-04-15,0.389447488851312,0.3906941022860555,,,,,,,,,,,,,0.015873015873015872,0.2775747769000592,,,,0.30803478666029954,0.05605958931636336,0.3733432560554555,0.08782317233746312,,,,,,,,,395.0,1.0,0.05,105.0,315.989990234375,395.79998779296875,79.998779296875,-0.23810686383928573,0.00332289006756574,3.574914815496678
2018-06-30,2018-07-16,0.85,0.79,0.06,7.5949,0.64,0.15000000000000002,0.23437500000000003,2018-07-15,0.3952051303460321,0.35287187311753165,,,,,,,,,,,,,0.07594936708860758,0.389447488851312,,,,0.3317550523172401,0.06396916684725187,0.3616080832481269,0.07388922493310622,,,,,,,,,335.0,15.7,17.35,3304.9999999999995,398.9800109863281,332.6700134277344,232.9986572265625,-0.9295011627151096,0.08283623011161961,2.8853548336820167
2018-09-30,2018-10-16,0.89,0.68,0.21,30.8824,0.85,-0.16999999999999993,-0.19999999999999993,2018-10-15,0.44449842528860867,0.4322644377451005,0.50701,-0.49299,0.00977,0.00977,0.1391,0.1391,-2.04521,-2.02521,0.01682,-0.01989,1.17095,0.7264515747113913,0.30882352941176466,0.3952051303460321,,,0.796246,0.36975941954678154,0.06301917339985004,0.362819448771233,0.0752649788668896,,,,,,,,,335.0,15.7,17.35,3304.9999999999995,337.239990234375,332.6700134277344,232.9986572265625,-0.9295011627151096,0.09800142615658039,0.2165880722851154
2018-12-31,2019-01-17,0.3,0.24,0.06,25.0,0.89,-0.65,-0.7303370786516854,2019-01-16,0.5932546990442559,0.6045096703421309,0.5364,-0.4636,0.01087,0.01087,0.10334,0.10334,-3.64132,-3.61831,0.00949,-0.00968,1.40509,0.8118353009557441,0.25,0.44449842528860867,1.17095,0.7264515747113913,0.33722159999999995,0.41999610408605365,0.11451042439485812,0.37709582819368703,0.10239320922746291,,,,,,,,,350.0,15.5,14.0,2950.0,349.5,339.1000061035156,1089.9993896484375,-0.630508681475106,0.0844062947067239,0.4795449842563371
2019-03-31,2019-04-16,0.76,0.57,0.19,33.3333,0.3,0.26999999999999996,0.8999999999999999,2019-04-15,0.38687676266722887,0.3726547732635231,0.50638,-0.49362,0.01197,0.01197,0.12616,0.12616,-2.22683,-2.20372,0.01347,-0.01529,1.05388,0.667003237332771,0.33333333333333337,0.5932546990442559,1.40509,0.8118353009557441,0.6007115999999999,0.44185650123948744,0.08785530817831871,0.3706990409360786,0.09922304555832934,1.209973333333333,0.17882737886949343,,,0.7350967043333022,0.07280202856347455,,,350.0,13.0,13.9,2690.0,355.0,360.3500061035156,1035.0006103515625,-0.6152414087912407,0.07577464788732394,0.23745102888141273
2019-06-30,2019-07-17,0.6,0.56,0.04,7.1429,0.76,-0.19999999999999996,-0.26315789473684204,2019-07-16,0.29996369549926527,0.31525184553028496,0.53104,-0.46896,0.01159,0.01159,0.13197,0.13197,-2.28699,-2.26289,0.01481,-0.01519,1.03437,0.7344063045007347,0.07142857142857142,0.38687676266722887,1.05388,0.667003237332771,0.5792472000000001,0.4239597425690781,0.10800418346900217,0.36599726461468884,0.10155831018606087,1.1660724999999998,0.1703778750063126,,,0.7349241043751603,0.059443609734662346,,,365.0,14.25,13.15,2740.0,366.25,315.1000061035156,4989.9993896484375,0.8211676604556342,0.0748122866894198,2.387940183906413
2019-09-30,2019-10-16,1.47,1.05,0.42,40.0,0.6,0.45000000000000007,0.7500000000000001,2019-10-15,0.3809300575827078,0.36736392929320005,0.51718,-0.48282,0.01116,0.01116,0.10271,0.10271,-2.37885,-2.36402,0.01094,-0.01248,1.38558,1.0046499424172923,0.39999999999999997,0.29996369549926527,1.03437,0.7344063045007347,1.4548590000000001,0.42110472801641335,0.10913705272806344,0.3764298901668267,0.09659204804518447,1.2099739999999997,0.17722351347944776,1.209974,0.17722351347945034,0.7888692719835867,0.13115091534267392,0.7888692719835866,0.13115091534266834,285.0,13.95,14.8,2875.0,283.1199951171875,275.29998779296875,970.001220703125,-0.6626082710597826,0.10154704893979655,0.4446362499634393
2019-12-31,2020-01-21,1.3,0.53,0.77,145.283,1.47,-0.94,-0.6394557823129251,2020-01-20,0.27952034856622787,1.2917792285529537e-12,,,,,,,,,,,,,1.4528301886792452,0.3809300575827078,1.38558,1.0046499424172923,,0.38810911267193715,0.1241963197775,0.3789342661093593,0.09334901436340452,1.2197299999999998,0.20308381209080484,1.209974,0.17722351347945034,0.8044736963016356,0.14598206421216112,0.7888692719835866,0.13115091534266834,435.0,29.95,27.45,5740.0,340.0,424.989990234375,1001.0009765625,-0.8256095859647212,0.1688235294117647,3.5419201736724335
2020-03-31,2020-04-21,1.57,1.64,-0.07,-4.2683,1.3,0.33999999999999986,0.26153846153846144,2020-04-20,0.49920635678693387,0.44687247539871117,0.54621,-0.45379,0.00561,0.00561,0.18148,0.18148,-3.49762,-3.49702,0.02297,-0.0247,1.54167,1.0424636432130663,-0.042682926829268296,0.27952034856622787,,,2.5283388,0.3692994442204728,0.08687314212507614,0.39464777415326313,0.0994784726991024,1.2538749999999999,0.2505677646865215,1.2652566666666667,0.20847920372705614,0.862130781865966,0.18905021622103715,0.8311350005218333,0.15645702582303025,435.0,29.95,27.45,5740.0,444.7699890136719,424.989990234375,1001.0009765625,-0.8256095859647212,0.12905547005833518,0.7221576138826544
2020-06-30,2020-07-16,1.59,1.81,-0.22,-12.1547,1.57,0.24,0.15286624203821655,2020-07-15,0.4939854089420224,0.42840574894527117,0.51454,-0.48546,0.00606,0.00606,0.15442,0.15442,-6.55494,-6.5535,0.01336,-0.01541,1.69776,1.2037745910579776,-0.12154696132596685,0.49920635678693387,1.54167,1.0424636432130663,3.0729456,0.39072117347543145,0.1038399568375968,0.4162888373574595,0.09459987174551475,1.4148449999999997,0.2838680114067096,1.3270428571428572,0.2508832038827564,0.9963236202972677,0.1947946054509197,0.8843692277412823,0.20058958449544168,525.0,26.0,29.4,5540.0,526.47998046875,492.989990234375,3201.0009765625,-0.42220198979016244,0.10522717302693023,1.0433430921342972
2020-09-30,2020-10-20,1.74,2.13,-0.39,-18.3099,1.59,0.5399999999999998,0.33962264150943383,2020-10-19,0.39413330471818875,0.41818245116512476,0.52789,-0.47243,0.00644,0.00655,0.2211,0.22112,-3.07511,-3.02005,0.02796,-0.03009,1.11241,0.7182766952818112,-0.18309859154929578,0.4939854089420224,1.69776,1.2037745910579776,2.3694333,0.4095550953192161,0.09101110689782659,0.41675741894414714,0.09446365295020917,1.4343549999999998,0.24961723157666788,1.30021375,0.24435429412097023,0.9922912179925368,0.20205542643990845,0.8636076611838486,0.19477293615892255,530.0,25.35,24.0,4935.0,528.1400146484375,488.2799987792969,4172.0001220703125,-0.15460990434238855,0.09344113044123421,1.2457110249198362
2020-12-31,2021-01-19,1.19,1.39,-0.2,-14.3885,1.74,-0.3500000000000001,-0.20114942528735638,2021-01-18,0.3702026307789809,0.40050186596668347,,,,,,,,,,,,,-0.14388489208633096,0.39413330471818875,1.11241,0.7182766952818112,,0.40740960995847075,0.09197594041090114,0.414257168987442,0.0954234831434794,1.450613333333333,0.30311242639214425,1.30021375,0.24435429412097023,0.988171643184285,0.24726052586515945,0.8636076611838486,0.19477293615892255,555.0,18.9,19.1,3800.0,501.0,505.54998779296875,4945.001220703125,0.3013161107113487,0.07584830339321356,0.14351857307415586
2021-03-31,2021-04-20,3.75,2.97,0.78,26.2626,1.19,1.7800000000000002,1.4957983193277313,2021-04-19,0.3891722341925641,0.37261963349073407,0.51246,-0.48806,0.00838,0.00859,0.23144,0.23145,-2.372,-2.31458,0.02909,-0.03172,0.81974,0.43056776580743594,0.2626262626262626,0.3702026307789809,,,2.4346278000000003,0.429339987083738,0.062069569736244015,0.40872454987783763,0.095078559240928,1.2928949999999997,0.400938548117622,1.2563125000000002,0.2968141546369675,0.8487706738400728,0.34422235950593655,0.826622185070854,0.24591631329275676,555.0,18.9,19.1,3800.0,554.4199829101562,505.54998779296875,4945.001220703125,0.3013161107113487,0.06854009806886398,1.4648292625545685
2021-06-30,2021-07-20,2.97,3.16,-0.19,-6.0127,3.75,-0.5899999999999999,-0.1573333333333333,2021-07-19,0.35815313986571923,0.29889838110582734,0.53726,-0.46261,0.00913,0.00936,0.22133,0.22132,-2.16064,-2.10515,0.02931,-0.02871,0.78071,0.4225568601342808,-0.060126582278481014,0.3891722341925641,0.81974,0.43056776580743594,2.4670436000000002,0.40112934369949504,0.05389244276692006,0.38521439395998386,0.07018880022434033,1.1026549999999997,0.4234519261577008,1.178265,0.3320977033946494,0.6937939780703765,0.36675934072805777,0.7779623799681712,0.2847133279578212,530.0,19.4,16.4,3579.9999999999995,526.0700073242188,515.4099731445312,1459.002685546875,-0.5924573504059008,0.06805177923389259,0.32497735821463153
2021-09-30,2021-10-19,3.19,2.56,0.63,24.6094,2.97,-0.41000000000000014,-0.13804713804713808,2021-10-18,0.23888078062071844,10.062660656064416,0.49659,-0.50341,0.00874,0.00874,0.26643,0.26643,-2.27579,-2.27439,0.03283,-0.03731,0.68315,0.4442692193792816,0.24609375,0.35815313986571923,0.78071,0.4225568601342808,1.7488640000000002,0.35010841803523424,0.0638440573588412,0.37041479575533287,0.084036163475684,0.8490024999999998,0.18476175855679805,1.13192375,0.3750255868580367,0.5039176351507024,0.14318696310334963,0.750120627723985,0.3071225075631015,640.0,17.7,19.8,3750.0,636.969970703125,664.780029296875,2478.0029296875,-0.33919921875,0.0588724770786373,0.6783763014817221
2021-12-31,2022-01-20,1.33,0.83,0.5,60.241,3.19,-2.36,-0.7398119122257053,2022-01-19,0.2471446314293901,0.2506534583527728,0.52564,-0.47418,0.00835,0.00822,0.15202,0.15202,-4.74748,-4.82037,0.01379,-0.01444,1.24899,1.00184536857061,0.6024096385542169,0.23888078062071844,0.68315,0.4442692193792816,1.0366617,0.32071068337747455,0.07184440014691915,0.36513288934834537,0.09037691536506658,0.8831474999999998,0.25056847851435843,1.1587512500000001,0.3747264507587032,0.5748098034729021,0.28483149529677,0.7835505107327194,0.31947447721420913,515.0,19.85,19.1,3895.0000000000005,517.75,397.5,11750.0,2.016688061617458,0.07522935779816514,4.19559379341224
2022-03-31,2022-04-19,3.53,2.91,0.62,21.3058,1.33,1.58,1.1879699248120301,2022-04-18,0.4088681897720803,0.5304904322397285,0.50549,-0.49379,0.00932,0.00917,0.14109,0.14108,-2.1353,-2.16658,0.01695,-0.02031,1.20997,0.8011018102279197,0.21305841924398625,0.2471446314293901,1.24899,1.00184536857061,3.5210127,0.32844379517609446,0.08010892477675984,0.3679267025672826,0.0913461387215599,0.9485119999999998,0.26163144138272126,1.1368,0.36454602096306105,0.6200682048239056,0.2666239861658887,0.7581069942090479,0.3072206513466576,340.0,16.45,18.7,3515.0,333.2200012207031,215.52000427246094,12447.999572753906,2.541393904055165,0.10548586480773386,6.9173041615626305
2022-06-30,2022-07-19,3.2,2.93,0.27,9.215,3.53,-0.5999999999999996,-0.1699716713881019,2022-07-18,0.7247461727978124,0.911732985903553,0.54917,-0.45113,0.01057,0.01069,0.07913,0.07914,-1.85682,-1.82947,0.00981,-0.011,1.87337,1.1486238272021876,0.09215017064846416,0.4088681897720803,1.20997,0.8011018102279197,5.4889741,0.3955585828971441,0.19781014689886128,0.4124492849904411,0.1393552219591728,1.1592379999999998,0.4718466120679474,1.218641111111111,0.42019493504338146,0.7636794171028558,0.3258424190061285,0.8014977534305079,0.3154857911371983,190.0,15.35,14.35,2970.0,193.02000427246094,220.44000244140625,3044.000244140625,0.024915907118055556,0.153870061872325,2.1086383027297377
2022-09-30,2022-10-18,3.1,2.13,0.97,45.5399,3.2,-1.0700000000000003,-0.3343750000000001,2022-10-17,0.82199280333587,2.4932655285629717,0.53209,-0.46829,0.01073,0.01088,0.10203,0.10204,-1.85154,-1.80614,0.01266,-0.01416,1.44411,0.62211719666413,0.45539906103286387,0.7247461727978124,1.87337,1.1486238272021876,3.0759543,0.4883265155911742,0.2710779165552695,0.4447279296453347,0.1899002357643188,1.2919179999999997,0.43023412198476296,1.207801111111111,0.4119983728561456,0.8035914844088257,0.2830209912244337,0.7547925927028483,0.30633534546217855,245.0,14.95,14.8,2975.0,249.8000030517578,289.57000732421875,4457.000732421875,0.49815150669642855,0.11909527476601306,2.345243903920262
2022-12-31,2023-01-19,0.12,0.48,-0.36,-75.0,3.1,-2.62,-0.8451612903225807,2023-01-18,0.7253636393755175,2.128423524548845e+153,0.53872,-0.46128,0.00968,0.00968,0.09591,0.09591,-4.08983,-4.05128,0.0087,-0.0091,1.69776,0.9723963606244824,-0.75,0.82199280333587,1.44411,0.62211719666413,0.8149247999999999,0.5856230873421341,0.24523624138794092,0.4678657526886842,0.20963868643383682,1.49484,0.28663049366736915,1.207801111111111,0.4119983728561456,0.9092169126578661,0.20248608996601425,0.7290839004324599,0.271695805147481,325.0,17.15,15.7,3284.9999999999995,322.57000732421875,342.5,1750.0,-0.46727549467275487,0.10183835835357778,0.9517000511600698
2023-03-31,2023-04-18,2.88,2.87,0.01,0.3484,0.12,2.75,22.916666666666668,2023-04-17,0.6764755683885542,1.754070022121479e-16,0.50005,-0.49995,0.01067,0.01067,0.13895,0.13895,-1.88458,-1.84027,0.01671,-0.01999,1.07339,0.3969144316114459,0.003484320557491289,0.7253636393755175,1.69776,0.9723963606244824,3.0806293000000005,0.6714892747339669,0.1560326519270133,0.49609997905572073,0.2174716521972212,1.4597199999999997,0.3315263819064779,1.2034655555555558,0.4133308274285602,0.7882307252660332,0.2935506685660839,0.6933769822468638,0.29353317286014585,335.0,14.1,16.1,3020.0000000000005,335.0,327.9800109863281,701.9989013671875,-0.7675500326598718,0.0901492537313433,0.33618822283815614
2023-06-30,2023-07-19,3.29,2.85,0.44,15.4386,2.88,-0.029999999999999805,-0.010416666666666598,2023-07-18,0.3371822931312067,1.717220863605364,0.52186,-0.47814,0.00765,0.00765,0.17147,0.17147,-3.48944,-3.42336,0.01866,-0.02037,1.20997,0.8727877068687933,0.1543859649122807,0.6764755683885542,1.07339,0.3969144316114459,3.4484145,0.6571520954057922,0.18651293788625933,0.49279794529094334,0.2198335051581721,1.45972,0.3315263819064779,1.2041160000000002,0.3896974695894815,0.8025679045942079,0.2960761831085927,0.7113180547090567,0.28250136201307524,475.0,20.95,20.9,4184.999999999999,476.8599853515625,427.5,4750.0,0.13500597371565137,0.08776160987621198,1.7345856894160994
2023-09-30,2023-10-18,3.73,3.49,0.24,6.8768,3.29,0.20000000000000018,0.06079027355623105,2023-10-17,0.3042216822030413,4.008987748293974e-16,0.53041,-0.46979,0.01053,0.01071,0.12828,0.12829,-2.52883,-2.43542,0.01424,-0.01492,1.17095,0.8667283177969587,0.06876790830945557,0.3371822931312067,1.20997,0.8727877068687933,4.0866155,0.573047197286838,0.23652222507770915,0.48430289009199107,0.22584212511358293,1.3192359999999996,0.2516157719221909,1.239237,0.36633277039841544,0.7461888027131621,0.23404768009015417,0.754934109908009,0.2676173051821721,355.0,16.1,14.4,3050.0,351.0,400.9599914550781,4595.9991455078125,0.5068849657402664,0.0868945868945869,2.1125069116339525
2023-12-31,2024-01-23,2.11,2.22,-0.11,-4.955,3.73,-1.5099999999999998,-0.4048257372654155,2024-01-22,0.3308660536024032,8.051207606200185,0.52835,-0.47165,0.00802,0.00802,0.20234,0.20234,-2.50258,-2.4318,0.0259,-0.02722,0.97583,0.6449639463975968,-0.04954954954954954,0.3042216822030413,1.17095,0.8667283177969587,2.1663426,0.47482184734014454,0.20748960609345649,0.4815741814656594,0.22769293017972955,1.2255799999999997,0.2791589690481037,1.2587490000000001,0.3436933944488578,0.7507581526598555,0.23122585254258252,0.7771748185343406,0.24523084539312848,485.0,20.35,19.25,3960.0,492.0,570.4199829101562,8541.998291015625,1.157070275508996,0.08048780487804878,2.347747405502351
2024-03-31,2024-04-18,5.28,4.52,0.76,16.8142,2.11,2.4099999999999997,1.1421800947867298,2024-04-17,0.3446827995865357,0.6839279868546637,0.51521,-0.48517,0.00592,0.006,0.1811,0.1811,-6.75712,-6.57925,0.01588,-0.0178,1.48313,1.1384472004134643,0.168141592920354,0.3308660536024032,0.97583,0.6449639463975968,6.7037476,0.3986856793823482,0.1560361723965808,0.4921543833622411,0.2173876187269207,1.1826539999999999,0.19097366488602616,1.3387470000000001,0.282481497685149,0.7839683206176518,0.27817544184182574,0.8465926166377589,0.238687800929865,615.0,26.7,27.45,5415.0,612.0999755859375,555.0399780273438,5996.002197265625,0.1072949579437904,0.08846594046693841,1.5534076558826047
2024-06-30,2024-07-18,4.88,4.74,0.14,2.9536,5.28,-0.54,-0.10227272727272728,2024-07-17,0.3071419564961948,0.3863629845397126,0.53665,-0.46343,0.00566,0.00574,0.19039,0.1904,-7.0131,-6.82624,0.01744,-0.01788,1.46362,1.1564780435038051,0.029535864978902954,0.3446827995865357,1.48313,1.1384472004134643,6.9375588,0.3248189570038763,0.01817082672711414,0.49815411586892155,0.21059604370901364,1.2606999999999997,0.21355979467118824,1.36021,0.2830572207954512,0.9358810429961236,0.2139460856870703,0.8620558841310784,0.25435784748616197,645.0,30.1,26.5,5660.0,656.5999755859375,633.3400268554688,1165.997314453125,-0.7939934073404373,0.0862016480422364,0.572554173381148
2024-09-30,2024-10-17,5.4,5.12,0.28,5.4688,4.88,0.2400000000000002,0.04918032786885251,2024-10-16,0.29792406768146623,0.34255005262826355,0.53212,-0.46788,0.00585,0.00585,0.20664,0.20664,-6.80025,-6.70765,0.01893,-0.01942,1.30753,1.0096059323185338,0.05468750000000001,0.3071419564961948,1.46362,1.1564780435038051,6.694553600000001,0.31696731191392824,0.019893196790372904,0.48705970365986023,0.21859284282492303,1.280212,0.21221867783020432,1.369966,0.2789551619964126,0.9632446880860716,0.21260435978723427,0.8829062963401398,0.257334510338844,700.0,28.5,26.35,5485.0,704.3499755859375,763.8900146484375,6389.00146484375,0.16481339377278942,0.07787321913991856,1.2881918963732073
2024-12-31,2025-01-21,4.27,4.2,0.07,1.6667,5.4,-1.2000000000000002,-0.22222222222222224,2025-01-20,0.31109540134960556,3.6799321624303962,,,,,,,,,,,,,0.016666666666666666,0.29792406768146623,1.30753,1.0096059323185338,,0.3183420557432411,0.019010101052658858,0.44569462651503944,0.2074724507582826,1.3075275,0.23468016396434818,1.3140322222222223,0.22879329288561956,0.9873737806583498,0.23745750008154265,0.8533821262443566,0.25434684883932795,960.0,31.1,28.8,5990.000000000001,863.530029296875,973.030029296875,1303.0029296875,-0.7824702955446577,0.06936643540789576,1.895198299059023
2025-03-31,2025-04-17,6.61,5.66,0.95,16.7845,4.27,1.3900000000000006,0.3255269320843093,2025-04-16,0.36356742308856743,0.3239939962381926,0.52472,-0.47536,0.0054,0.00548,0.20042,0.20042,-14.7231,-14.41391,0.013,-0.01329,1.46362,1.1000525769114324,0.16784452296819788,0.31109540134960556,,,8.2840892,0.324882329640474,0.027929120931469115,0.3998520884903093,0.1603927600026177,1.4294749999999998,0.081815247356466,1.3162,0.23026749352655151,1.101145938286809,0.06540589717488494,0.9064860573829459,0.24988025936765462,960.0,31.1,28.8,5990.000000000001,969.0,973.030029296875,1303.0029296875,-0.7824702955446577,0.06181630546955625,0.06588448442265286
2025-06-30,2025-07-17,7.19,7.07,0.12,1.6973,6.61,0.45999999999999996,0.06959152798789711,2025-07-16,0.30058939711877275,0.31829276672048806,0.51877,-0.48148,0.00387,0.00394,0.36882,0.36883,-10.32906,-10.00124,0.03327,-0.03518,1.11241,0.8118206028812271,0.016973125884016973,0.36356742308856743,1.46362,1.1000525769114324,7.864738699999999,0.3160636491469213,0.027061899028896226,0.35737466426463477,0.1142047545232608,1.3367949999999997,0.16670755801702558,1.2511611111111112,0.18776872925519733,1.0194892889037497,0.1510853248479089,0.8886443065225841,0.2503181924351303,1250.0,41.55,40.4,8194.999999999998,1253.0,1209.239990234375,4076.0009765625,-0.5026234317800486,0.06540303272146847,0.564316861982835
